연도,성별,연령대,등록대수
2023,남성,10대 이하,2267
2024,남성,10대 이하,2042
2025,남성,10대 이하,1480
2023,남성,20대,52866
2024,남성,20대,49846
2025,남성,20대,45957
2023,남성,30대,316548
2024,남성,30대,306743
2025,남성,30대,298695
2023,남성,40대,502333
2024,남성,40대,489536
2025,남성,40대,481354
2023,남성,50대,533450
2024,남성,50대,533148
2025,남성,50대,527039
2023,남성,60대,424864
2024,남성,60대,430538
2025,남성,60대,430228
2023,남성,70대,151106
2024,남성,70대,162616
2025,남성,70대,177431
2023,남성,80대,26689
2024,남성,80대,28502
2025,남성,80대,29905
2023,남성,90대 이상,2451
2024,남성,90대 이상,2688
2025,남성,90대 이상,3780
2023,여성,10대 이하,1199
2024,여성,10대 이하,1106
2025,여성,10대 이하,715
2023,여성,20대,27324
2024,여성,20대,25133
2025,여성,20대,22918
2023,여성,30대,126488
2024,여성,30대,125677
2025,여성,30대,124440
2023,여성,40대,189054
2024,여성,40대,185341
2025,여성,40대,182997
2023,여성,50대,200888
2024,여성,50대,202554
2025,여성,50대,202201
2023,여성,60대,132893
2024,여성,60대,137771
2025,여성,60대,140655
2023,여성,70대,35990
2024,여성,70대,39427
2025,여성,70대,44304
2023,여성,80대,6819
2024,여성,80대,7115
2025,여성,80대,7461
2023,여성,90대 이상,1244
2024,여성,90대 이상,1277
2025,여성,90대 이상,1978
