연도,차급,평균_사용연수
2015,경형,7.6
2016,경형,8.65
2017,경형,7.01
2018,경형,7.21
2019,경형,7.49
2020,경형,8.24
2021,경형,8.32
2022,경형,8.93
2023,경형,9.34
2024,경형,9.97
2015,대형,8.83
2016,대형,10.51
2017,대형,9.13
2018,대형,9.16
2019,대형,8.82
2020,대형,9.05
2021,대형,8.53
2022,대형,8.46
2023,대형,8.69
2024,대형,8.35
2015,소형,13.13
2016,소형,13.92
2017,소형,12.99
2018,소형,13.24
2019,소형,13.43
2020,소형,14.13
2021,소형,14.52
2022,소형,15.21
2023,소형,15.63
2024,소형,16.3
2015,중형,8.71
2016,중형,9.87
2017,중형,8.58
2018,중형,8.48
2019,중형,8.52
2020,중형,8.83
2021,중형,8.66
2022,중형,8.72
2023,중형,9.01
2024,중형,9.11
